Artikelname;Artikelbeschreibung;Art;VK gerundet;VK 2 Stk;VK 5 Stk;VK 10 Stk;VK 25 Stk;Bildname;Bestand;KI Prompt
Vesperbrettchen Erle;Personalisiertes Vesperbrettchen aus Erle 22 x 12.5 x 1.2 cm;Laser;12,99;12,34;11,69;11,04;9,09;;10;
Schlüsselanhänger;Gravierter Anhänger aus Birkensperrholz, mit Name, Spruch oder persönlichem Bild.;Laser;4,99;4,74;4,49;4,24;3,49;;10;
Vesperbrettchen Akazie;Personalisiertes Vesperbrettchen aus Akazie 38 x 20 x 1.5 cm;Laser;21,99;20,89;19,79;18,69;15,39;;10;
Flaschenöffner Anhänger;Personalisierter Flaschenöffner;Laser;5,99;5,69;5,39;5,09;4,19;;10;
Visitenkartenhalter;Personalisierter Visitenkartenhalter;Laser;9,99;9,49;8,99;8,49;6,99;;10;
Flaschenöffner rund;Personalisierter Flaschenöffner;Laser;6,99;6,64;6,29;5,94;4,89;;10;
Türschild Schiefer;Personalisierte Schieferplatte mit 10,6cm x 10,6 cm;Laser;6,99;6,64;6,29;5,94;4,89;;10;
Akazie Welcome;Personalisiertes Willkommensschild für Familien. 22 x 12.5 x 1.2 cm Akazie. Schrift aus Sperrholz;Laser;30,99;29,44;27,89;26,34;21,69;;10;
Vereinswappen;Personalisiertes Dankesgeschenk. Höhe 15 cm;3D;24,99;19,99;17,49;14,99;12,50;;;
